<?xml version="1.0" encoding="UTF-8"?>
<!DOCTYPE module PUBLIC "-//Puppy Crawl//DTD Check Configuration 1.3//EN" "http://www.puppycrawl.com/dtds/configuration_1_3.dtd">

<!--
    This configuration file was written by the eclipse-cs plugin configuration editor
-->
<!--
    Checkstyle-Configuration: Palladio Coding Conventions
    Description: none
-->
<module name="Checker">
  <property name="severity" value="warning"/>
  <module name="TreeWalker">
    <property name="tabWidth" value="4"/>
    <module name="FileContentsHolder"/>
    <module name="JavadocMethod">
      <property name="allowUndeclaredRTE" value="true"/>
      <property name="suppressLoadErrors" value="true"/>
    </module>
    <module name="JavadocType"/>
    <module name="JavadocVariable"/>
    <module name="JavadocStyle"/>
    <module name="ConstantName"/>
    <module name="LocalFinalVariableName">
      <property name="format" value="^[a-zA-Z0-9]*$"/>
    </module>
    <module name="LocalVariableName"/>
    <module name="MemberName"/>
    <module name="MethodName"/>
    <module name="PackageName"/>
    <module name="ParameterName"/>
    <module name="StaticVariableName"/>
    <module name="TypeName"/>
    <module name="AvoidStarImport"/>
    <module name="IllegalImport"/>
    <module name="RedundantImport"/>
    <module name="UnusedImports"/>
    <module name="LineLength">
      <property name="severity" value="info"/>
      <property name="max" value="120"/>
    </module>
    <module name="MethodLength"/>
    <module name="ParameterNumber"/>
    <module name="EmptyForIteratorPad"/>
    <module name="MethodParamPad"/>
    <module name="NoWhitespaceAfter">
      <property name="tokens" value="BNOT,DEC,DOT,INC,LNOT,UNARY_MINUS,UNARY_PLUS"/>
    </module>
    <module name="NoWhitespaceBefore"/>
    <module name="OperatorWrap"/>
    <module name="ParenPad"/>
    <module name="TypecastParenPad"/>
    <module name="WhitespaceAfter"/>
    <module name="WhitespaceAround"/>
    <module name="ModifierOrder"/>
    <module name="RedundantModifier">
      <property name="tokens" value="VARIABLE_DEF,ANNOTATION_FIELD_DEF,INTERFACE_DEF"/>
    </module>
    <module name="AvoidNestedBlocks"/>
    <module name="EmptyBlock"/>
    <module name="LeftCurly"/>
    <module name="NeedBraces"/>
    <module name="RightCurly"/>
    <module name="AvoidInlineConditionals">
      <property name="severity" value="ignore"/>
      <metadata name="net.sf.eclipsecs.core.lastEnabledSeverity" value="inherit"/>
    </module>
    <module name="DoubleCheckedLocking"/>
    <module name="EmptyStatement"/>
    <module name="EqualsHashCode"/>
    <module name="HiddenField">
      <property name="tokens" value="VARIABLE_DEF"/>
      <property name="ignoreConstructorParameter" value="true"/>
      <property name="ignoreSetter" value="true"/>
    </module>
    <module name="IllegalInstantiation"/>
    <module name="InnerAssignment"/>
    <module name="MagicNumber">
      <property name="severity" value="ignore"/>
      <metadata name="net.sf.eclipsecs.core.lastEnabledSeverity" value="inherit"/>
    </module>
    <module name="MissingSwitchDefault"/>
    <module name="RedundantThrows">
      <property name="suppressLoadErrors" value="true"/>
    </module>
    <module name="SimplifyBooleanExpression"/>
    <module name="SimplifyBooleanReturn"/>
    <module name="DesignForExtension">
      <property name="severity" value="ignore"/>
      <metadata name="net.sf.eclipsecs.core.lastEnabledSeverity" value="inherit"/>
    </module>
    <module name="FinalClass"/>
    <module name="HideUtilityClassConstructor">
      <property name="severity" value="ignore"/>
      <metadata name="net.sf.eclipsecs.core.lastEnabledSeverity" value="inherit"/>
    </module>
    <module name="InterfaceIsType"/>
    <module name="VisibilityModifier">
      <property name="protectedAllowed" value="true"/>
    </module>
    <module name="ArrayTypeStyle"/>
    <module name="FinalParameters">
      <property name="severity" value="ignore"/>
      <metadata name="net.sf.eclipsecs.core.lastEnabledSeverity" value="inherit"/>
    </module>
    <module name="GenericIllegalRegexp">
      <property name="severity" value="ignore"/>
      <metadata name="net.sf.eclipsecs.core.lastEnabledSeverity" value="inherit"/>
    </module>
    <module name="TodoComment">
      <property name="severity" value="ignore"/>
      <metadata name="net.sf.eclipsecs.core.lastEnabledSeverity" value="inherit"/>
    </module>
    <module name="UpperEll"/>
    <module name="WhitespaceAround"/>
  </module>
  <module name="JavadocPackage"/>
  <module name="NewlineAtEndOfFile"/>
  <module name="Translation"/>
  <module name="FileLength"/>
  <module name="FileTabCharacter">
    <property name="severity" value="ignore"/>
    <metadata name="net.sf.eclipsecs.core.lastEnabledSeverity" value="inherit"/>
  </module>
  <module name="RegexpSingleline">
    <property name="severity" value="ignore"/>
    <property name="format" value="\s+$"/>
    <property name="message" value="Line has trailing spaces."/>
    <metadata name="net.sf.eclipsecs.core.lastEnabledSeverity" value="inherit"/>
  </module>
  <module name="FileTabCharacter">
    <property name="severity" value="ignore"/>
    <metadata name="net.sf.eclipsecs.core.lastEnabledSeverity" value="inherit"/>
  </module>
  <module name="SuppressionCommentFilter">
    <property name="offCommentFormat" value="(@generated$)|(// end of custom code$)"/>
    <property name="onCommentFormat" value="(@generated NOT$)|(@generated not$)|(@generated Not$)|(// begin of custom code$)"/>
    <metadata name="com.atlassw.tools.eclipse.checkstyle.customMessage" value="Warning suppressed because code is generated by EMF. Warning enabled on custom code"/>
    <metadata name="com.atlassw.tools.eclipse.checkstyle.comment" value="Supress Warnings on EMF generated code. No Supress Warning on manual code"/>
  </module>
</module>
